dataset,oa,aa,k,target_size,algorithm,time,selected_features,selected_weights
paviaU,0.92,0.9,0.9,0,all,0.0,,
paviaU,0.902,0.873,0.873,30,pcal,0.131,10|12|13|14|15|16|17|61|62|77|78|79|80|81|82|83|84|85|86|87|88|94|95|96|97|98|99|100|101|102,0.15847481470922545|0.15912928790389125|0.16004613308943214|0.15981446970881383|0.16019571258770213|0.1585715261056661|0.15819657351952995|0.15886594728738174|0.15885808676652197|0.15893594699948413|0.15891025825738367|0.15881597329218142|0.16144265409855119|0.16933006984389173|0.17559899726652545|0.16428462951769507|0.16990684609667128|0.16417407352008098|0.16255013572726096|0.1610614497453357|0.1590395932486931|0.15965054492019967|0.1609057807792303|0.1649884395188892|0.16536804481981826|0.16450190305530682|0.1659687862999358|0.1665982588076271|0.17481494094476907|0.17429225497004772
paviaU,0.903,0.873,0.873,29,pcal,0.0,10|12|13|14|15|16|61|62|77|78|79|80|81|82|83|84|85|86|87|88|94|95|96|97|98|99|100|101|102,0.15847481470922545|0.15912928790389125|0.16004613308943214|0.15981446970881383|0.16019571258770213|0.1585715261056661|0.15886594728738174|0.15885808676652197|0.15893594699948413|0.15891025825738367|0.15881597329218142|0.16144265409855119|0.16933006984389173|0.17559899726652545|0.16428462951769507|0.16990684609667128|0.16417407352008098|0.16255013572726096|0.1610614497453357|0.1590395932486931|0.15965054492019967|0.1609057807792303|0.1649884395188892|0.16536804481981826|0.16450190305530682|0.1659687862999358|0.1665982588076271|0.17481494094476907|0.17429225497004772
paviaU,0.903,0.874,0.874,28,pcal,0.0,12|13|14|15|16|61|62|77|78|79|80|81|82|83|84|85|86|87|88|94|95|96|97|98|99|100|101|102,0.15912928790389125|0.16004613308943214|0.15981446970881383|0.16019571258770213|0.1585715261056661|0.15886594728738174|0.15885808676652197|0.15893594699948413|0.15891025825738367|0.15881597329218142|0.16144265409855119|0.16933006984389173|0.17559899726652545|0.16428462951769507|0.16990684609667128|0.16417407352008098|0.16255013572726096|0.1610614497453357|0.1590395932486931|0.15965054492019967|0.1609057807792303|0.1649884395188892|0.16536804481981826|0.16450190305530682|0.1659687862999358|0.1665982588076271|0.17481494094476907|0.17429225497004772
paviaU,0.903,0.875,0.875,27,pcal,0.0,12|13|14|15|61|62|77|78|79|80|81|82|83|84|85|86|87|88|94|95|96|97|98|99|100|101|102,0.15912928790389125|0.16004613308943214|0.15981446970881383|0.16019571258770213|0.15886594728738174|0.15885808676652197|0.15893594699948413|0.15891025825738367|0.15881597329218142|0.16144265409855119|0.16933006984389173|0.17559899726652545|0.16428462951769507|0.16990684609667128|0.16417407352008098|0.16255013572726096|0.1610614497453357|0.1590395932486931|0.15965054492019967|0.1609057807792303|0.1649884395188892|0.16536804481981826|0.16450190305530682|0.1659687862999358|0.1665982588076271|0.17481494094476907|0.17429225497004772
paviaU,0.903,0.875,0.875,26,pcal,0.0,12|13|14|15|61|62|77|78|80|81|82|83|84|85|86|87|88|94|95|96|97|98|99|100|101|102,0.15912928790389125|0.16004613308943214|0.15981446970881383|0.16019571258770213|0.15886594728738174|0.15885808676652197|0.15893594699948413|0.15891025825738367|0.16144265409855119|0.16933006984389173|0.17559899726652545|0.16428462951769507|0.16990684609667128|0.16417407352008098|0.16255013572726096|0.1610614497453357|0.1590395932486931|0.15965054492019967|0.1609057807792303|0.1649884395188892|0.16536804481981826|0.16450190305530682|0.1659687862999358|0.1665982588076271|0.17481494094476907|0.17429225497004772
paviaU,0.904,0.875,0.875,25,pcal,0.0,12|13|14|15|61|77|78|80|81|82|83|84|85|86|87|88|94|95|96|97|98|99|100|101|102,0.15912928790389125|0.16004613308943214|0.15981446970881383|0.16019571258770213|0.15886594728738174|0.15893594699948413|0.15891025825738367|0.16144265409855119|0.16933006984389173|0.17559899726652545|0.16428462951769507|0.16990684609667128|0.16417407352008098|0.16255013572726096|0.1610614497453357|0.1590395932486931|0.15965054492019967|0.1609057807792303|0.1649884395188892|0.16536804481981826|0.16450190305530682|0.1659687862999358|0.1665982588076271|0.17481494094476907|0.17429225497004772
paviaU,0.895,0.864,0.864,24,pcal,0.0,12|13|14|15|77|78|80|81|82|83|84|85|86|87|88|94|95|96|97|98|99|100|101|102,0.15912928790389125|0.16004613308943214|0.15981446970881383|0.16019571258770213|0.15893594699948413|0.15891025825738367|0.16144265409855119|0.16933006984389173|0.17559899726652545|0.16428462951769507|0.16990684609667128|0.16417407352008098|0.16255013572726096|0.1610614497453357|0.1590395932486931|0.15965054492019967|0.1609057807792303|0.1649884395188892|0.16536804481981826|0.16450190305530682|0.1659687862999358|0.1665982588076271|0.17481494094476907|0.17429225497004772
paviaU,0.895,0.864,0.864,23,pcal,0.0,12|13|14|15|77|80|81|82|83|84|85|86|87|88|94|95|96|97|98|99|100|101|102,0.15912928790389125|0.16004613308943214|0.15981446970881383|0.16019571258770213|0.15893594699948413|0.16144265409855119|0.16933006984389173|0.17559899726652545|0.16428462951769507|0.16990684609667128|0.16417407352008098|0.16255013572726096|0.1610614497453357|0.1590395932486931|0.15965054492019967|0.1609057807792303|0.1649884395188892|0.16536804481981826|0.16450190305530682|0.1659687862999358|0.1665982588076271|0.17481494094476907|0.17429225497004772
paviaU,0.889,0.857,0.857,22,pcal,0.0,12|13|14|15|80|81|82|83|84|85|86|87|88|94|95|96|97|98|99|100|101|102,0.15912928790389125|0.16004613308943214|0.15981446970881383|0.16019571258770213|0.16144265409855119|0.16933006984389173|0.17559899726652545|0.16428462951769507|0.16990684609667128|0.16417407352008098|0.16255013572726096|0.1610614497453357|0.1590395932486931|0.15965054492019967|0.1609057807792303|0.1649884395188892|0.16536804481981826|0.16450190305530682|0.1659687862999358|0.1665982588076271|0.17481494094476907|0.17429225497004772
paviaU,0.889,0.858,0.858,21,pcal,0.0,12|13|14|15|80|81|82|83|84|85|86|87|94|95|96|97|98|99|100|101|102,0.15912928790389125|0.16004613308943214|0.15981446970881383|0.16019571258770213|0.16144265409855119|0.16933006984389173|0.17559899726652545|0.16428462951769507|0.16990684609667128|0.16417407352008098|0.16255013572726096|0.1610614497453357|0.15965054492019967|0.1609057807792303|0.1649884395188892|0.16536804481981826|0.16450190305530682|0.1659687862999358|0.1665982588076271|0.17481494094476907|0.17429225497004772
paviaU,0.89,0.859,0.859,20,pcal,0.0,13|14|15|80|81|82|83|84|85|86|87|94|95|96|97|98|99|100|101|102,0.16004613308943214|0.15981446970881383|0.16019571258770213|0.16144265409855119|0.16933006984389173|0.17559899726652545|0.16428462951769507|0.16990684609667128|0.16417407352008098|0.16255013572726096|0.1610614497453357|0.15965054492019967|0.1609057807792303|0.1649884395188892|0.16536804481981826|0.16450190305530682|0.1659687862999358|0.1665982588076271|0.17481494094476907|0.17429225497004772
paviaU,0.891,0.86,0.86,19,pcal,0.0,13|14|15|80|81|82|83|84|85|86|87|95|96|97|98|99|100|101|102,0.16004613308943214|0.15981446970881383|0.16019571258770213|0.16144265409855119|0.16933006984389173|0.17559899726652545|0.16428462951769507|0.16990684609667128|0.16417407352008098|0.16255013572726096|0.1610614497453357|0.1609057807792303|0.1649884395188892|0.16536804481981826|0.16450190305530682|0.1659687862999358|0.1665982588076271|0.17481494094476907|0.17429225497004772
paviaU,0.892,0.861,0.861,18,pcal,0.0,13|15|80|81|82|83|84|85|86|87|95|96|97|98|99|100|101|102,0.16004613308943214|0.16019571258770213|0.16144265409855119|0.16933006984389173|0.17559899726652545|0.16428462951769507|0.16990684609667128|0.16417407352008098|0.16255013572726096|0.1610614497453357|0.1609057807792303|0.1649884395188892|0.16536804481981826|0.16450190305530682|0.1659687862999358|0.1665982588076271|0.17481494094476907|0.17429225497004772
paviaU,0.892,0.861,0.861,17,pcal,0.0,15|80|81|82|83|84|85|86|87|95|96|97|98|99|100|101|102,0.16019571258770213|0.16144265409855119|0.16933006984389173|0.17559899726652545|0.16428462951769507|0.16990684609667128|0.16417407352008098|0.16255013572726096|0.1610614497453357|0.1609057807792303|0.1649884395188892|0.16536804481981826|0.16450190305530682|0.1659687862999358|0.1665982588076271|0.17481494094476907|0.17429225497004772
paviaU,0.855,0.797,0.797,16,pcal,0.0,80|81|82|83|84|85|86|87|95|96|97|98|99|100|101|102,0.16144265409855119|0.16933006984389173|0.17559899726652545|0.16428462951769507|0.16990684609667128|0.16417407352008098|0.16255013572726096|0.1610614497453357|0.1609057807792303|0.1649884395188892|0.16536804481981826|0.16450190305530682|0.1659687862999358|0.1665982588076271|0.17481494094476907|0.17429225497004772
paviaU,0.855,0.796,0.796,15,pcal,0.0,80|81|82|83|84|85|86|87|96|97|98|99|100|101|102,0.16144265409855119|0.16933006984389173|0.17559899726652545|0.16428462951769507|0.16990684609667128|0.16417407352008098|0.16255013572726096|0.1610614497453357|0.1649884395188892|0.16536804481981826|0.16450190305530682|0.1659687862999358|0.1665982588076271|0.17481494094476907|0.17429225497004772
paviaU,0.854,0.792,0.792,14,pcal,0.0,80|81|82|83|84|85|86|96|97|98|99|100|101|102,0.16144265409855119|0.16933006984389173|0.17559899726652545|0.16428462951769507|0.16990684609667128|0.16417407352008098|0.16255013572726096|0.1649884395188892|0.16536804481981826|0.16450190305530682|0.1659687862999358|0.1665982588076271|0.17481494094476907|0.17429225497004772
paviaU,0.848,0.783,0.783,13,pcal,0.0,81|82|83|84|85|86|96|97|98|99|100|101|102,0.16933006984389173|0.17559899726652545|0.16428462951769507|0.16990684609667128|0.16417407352008098|0.16255013572726096|0.1649884395188892|0.16536804481981826|0.16450190305530682|0.1659687862999358|0.1665982588076271|0.17481494094476907|0.17429225497004772
paviaU,0.843,0.773,0.773,12,pcal,0.0,81|82|83|84|85|96|97|98|99|100|101|102,0.16933006984389173|0.17559899726652545|0.16428462951769507|0.16990684609667128|0.16417407352008098|0.1649884395188892|0.16536804481981826|0.16450190305530682|0.1659687862999358|0.1665982588076271|0.17481494094476907|0.17429225497004772
paviaU,0.836,0.758,0.758,11,pcal,0.0,81|82|83|84|96|97|98|99|100|101|102,0.16933006984389173|0.17559899726652545|0.16428462951769507|0.16990684609667128|0.1649884395188892|0.16536804481981826|0.16450190305530682|0.1659687862999358|0.1665982588076271|0.17481494094476907|0.17429225497004772
paviaU,0.828,0.744,0.744,10,pcal,0.0,81|82|84|96|97|98|99|100|101|102,0.16933006984389173|0.17559899726652545|0.16990684609667128|0.1649884395188892|0.16536804481981826|0.16450190305530682|0.1659687862999358|0.1665982588076271|0.17481494094476907|0.17429225497004772
paviaU,0.828,0.743,0.743,9,pcal,0.0,81|82|84|96|97|99|100|101|102,0.16933006984389173|0.17559899726652545|0.16990684609667128|0.1649884395188892|0.16536804481981826|0.1659687862999358|0.1665982588076271|0.17481494094476907|0.17429225497004772
paviaU,0.825,0.733,0.733,8,pcal,0.0,81|82|84|97|99|100|101|102,0.16933006984389173|0.17559899726652545|0.16990684609667128|0.16536804481981826|0.1659687862999358|0.1665982588076271|0.17481494094476907|0.17429225497004772
paviaU,0.821,0.724,0.724,7,pcal,0.0,81|82|84|99|100|101|102,0.16933006984389173|0.17559899726652545|0.16990684609667128|0.1659687862999358|0.1665982588076271|0.17481494094476907|0.17429225497004772
paviaU,0.816,0.707,0.707,6,pcal,0.0,81|82|84|100|101|102,0.16933006984389173|0.17559899726652545|0.16990684609667128|0.1665982588076271|0.17481494094476907|0.17429225497004772
paviaU,0.809,0.696,0.696,5,pcal,0.0,81|82|84|101|102,0.16933006984389173|0.17559899726652545|0.16990684609667128|0.17481494094476907|0.17429225497004772
paviaU,0.805,0.757,0.757,30,mcuve,35.191,5|6|7|8|9|10|11|13|14|15|16|17|18|19|20|21|22|23|24|30|31|32|33|34|35|36|37|38|39|40,0.0|0.0|0.0|0.0|0.0|0.0|0.0|0.0|0.0|0.0|0.0|0.0|0.0|0.0|0.0|0.0|0.0|0.0|0.0|0.0|0.0|0.0|0.0|0.0|0.0|0.0|0.0|0.0|0.0|0.0
paviaU,0.804,0.756,0.756,29,mcuve,35.03,4|5|6|7|8|9|10|11|12|13|14|15|16|17|18|19|20|21|22|31|32|33|34|35|36|37|38|39|40,0.0|0.0|0.0|0.0|0.0|0.0|0.0|0.0|0.0|0.0|0.0|0.0|0.0|0.0|0.0|0.0|0.0|0.0|0.0|0.0|0.0|0.0|0.0|0.0|0.0|0.0|0.0|0.0|0.0
paviaU,0.803,0.751,0.751,28,mcuve,35.249,7|8|9|10|14|15|16|17|18|19|20|21|22|23|26|27|28|29|30|31|32|33|34|35|36|37|38|39,0.0|0.0|0.0|0.0|0.0|0.0|0.0|0.0|0.0|0.0|0.0|0.0|0.0|0.0|0.0|0.0|0.0|0.0|0.0|0.0|0.0|0.0|0.0|0.0|0.0|0.0|0.0|0.0
paviaU,0.841,0.813,0.813,27,mcuve,35.185,11|12|13|14|15|16|17|18|19|20|21|22|23|24|29|30|31|32|33|34|35|36|37|38|39|40|82,0.0|0.0|0.0|0.0|0.0|0.0|0.0|0.0|0.0|0.0|0.0|0.0|0.0|0.0|0.0|0.0|0.0|0.0|0.0|0.0|0.0|0.0|0.0|0.0|0.0|0.0|0.0
paviaU,0.802,0.744,0.744,26,mcuve,35.163,11|12|13|14|15|16|17|18|19|20|21|22|23|24|25|30|31|32|33|34|35|36|37|38|39|40,0.0|0.0|0.0|0.0|0.0|0.0|0.0|0.0|0.0|0.0|0.0|0.0|0.0|0.0|0.0|0.0|0.0|0.0|0.0|0.0|0.0|0.0|0.0|0.0|0.0|0.0
paviaU,0.802,0.752,0.752,25,mcuve,38.907,4|5|6|7|8|9|10|11|12|13|14|15|17|18|19|20|31|32|33|34|35|36|37|38|39,0.0|0.0|0.0|0.0|0.0|0.0|0.0|0.0|0.0|0.0|0.0|0.0|0.0|0.0|0.0|0.0|0.0|0.0|0.0|0.0|0.0|0.0|0.0|0.0|0.0
paviaU,0.802,0.747,0.747,24,mcuve,38.813,8|9|12|13|14|15|16|17|18|19|20|21|22|23|30|31|32|33|34|35|36|37|38|39,0.0|0.0|0.0|0.0|0.0|0.0|0.0|0.0|0.0|0.0|0.0|0.0|0.0|0.0|0.0|0.0|0.0|0.0|0.0|0.0|0.0|0.0|0.0|0.0
paviaU,0.805,0.752,0.752,23,mcuve,42.076,5|6|7|8|9|10|13|14|15|16|17|19|20|31|32|33|34|35|36|37|38|39|40,0.0|0.0|0.0|0.0|0.0|0.0|0.0|0.0|0.0|0.0|0.0|0.0|0.0|0.0|0.0|0.0|0.0|0.0|0.0|0.0|0.0|0.0|0.0
paviaU,0.807,0.754,0.754,22,mcuve,41.921,6|7|9|10|15|16|17|18|19|20|21|22|31|32|33|34|35|36|37|38|39|40,0.0|0.0|0.0|0.0|0.0|0.0|0.0|0.0|0.0|0.0|0.0|0.0|0.0|0.0|0.0|0.0|0.0|0.0|0.0|0.0|0.0|0.0
paviaU,0.808,0.757,0.757,21,mcuve,41.733,4|7|8|9|14|15|16|17|18|19|20|21|32|33|34|35|36|37|38|39|40,0.0|0.0|0.0|0.0|0.0|0.0|0.0|0.0|0.0|0.0|0.0|0.0|0.0|0.0|0.0|0.0|0.0|0.0|0.0|0.0|0.0
paviaU,0.803,0.748,0.748,20,mcuve,42.138,4|5|6|7|8|9|10|11|12|18|19|32|33|34|35|36|37|38|39|40,0.0|0.0|0.0|0.0|0.0|0.0|0.0|0.0|0.0|0.0|0.0|0.0|0.0|0.0|0.0|0.0|0.0|0.0|0.0|0.0
paviaU,0.804,0.747,0.747,19,mcuve,41.504,9|10|16|17|18|19|20|21|22|31|32|33|34|35|36|37|38|39|40,0.0|0.0|0.0|0.0|0.0|0.0|0.0|0.0|0.0|0.0|0.0|0.0|0.0|0.0|0.0|0.0|0.0|0.0|0.0
paviaU,0.835,0.797,0.797,18,mcuve,41.024,5|6|7|9|10|11|12|13|32|33|34|35|36|37|38|39|40|82,0.0|0.0|0.0|0.0|0.0|0.0|0.0|0.0|0.0|0.0|0.0|0.0|0.0|0.0|0.0|0.0|0.0|0.0
paviaU,0.84,0.808,0.808,17,mcuve,41.617,3|4|5|6|7|9|20|32|33|34|35|36|37|38|39|40|82,0.0|0.0|0.0|0.0|0.0|0.0|0.0|0.0|0.0|0.0|0.0|0.0|0.0|0.0|0.0|0.0|0.0
paviaU,0.796,0.731,0.731,16,mcuve,42.349,19|20|21|22|23|30|31|32|33|34|35|36|37|38|39|40,0.0|0.0|0.0|0.0|0.0|0.0|0.0|0.0|0.0|0.0|0.0|0.0|0.0|0.0|0.0|0.0
paviaU,0.796,0.73,0.73,15,mcuve,42.227,19|20|21|22|30|31|32|33|34|35|36|37|38|39|40,0.0|0.0|0.0|0.0|0.0|0.0|0.0|0.0|0.0|0.0|0.0|0.0|0.0|0.0|0.0
paviaU,0.777,0.696,0.696,14,mcuve,41.888,5|6|7|8|9|10|32|33|34|35|36|37|38|39,0.0|0.0|0.0|0.0|0.0|0.0|0.0|0.0|0.0|0.0|0.0|0.0|0.0|0.0
paviaU,0.833,0.797,0.797,13,mcuve,41.959,19|20|31|32|33|34|35|36|37|38|39|40|82,0.0|0.0|0.0|0.0|0.0|0.0|0.0|0.0|0.0|0.0|0.0|0.0|0.0
paviaU,0.774,0.689,0.689,12,mcuve,42.544,6|7|8|9|33|34|35|36|37|38|39|40,0.0|0.0|0.0|0.0|0.0|0.0|0.0|0.0|0.0|0.0|0.0|0.0
paviaU,0.789,0.718,0.718,11,mcuve,41.354,20|21|32|33|34|35|36|37|38|39|40,0.0|0.0|0.0|0.0|0.0|0.0|0.0|0.0|0.0|0.0|0.0
paviaU,0.667,0.576,0.576,10,mcuve,42.692,31|32|33|34|35|36|37|38|39|40,0.0|0.0|0.0|0.0|0.0|0.0|0.0|0.0|0.0|0.0
paviaU,0.658,0.562,0.562,9,mcuve,43.163,32|33|34|35|36|37|38|39|40,0.0|0.0|0.0|0.0|0.0|0.0|0.0|0.0|0.0
paviaU,0.653,0.552,0.552,8,mcuve,41.989,33|34|35|36|37|38|39|40,0.0|0.0|0.0|0.0|0.0|0.0|0.0|0.0
paviaU,0.65,0.543,0.543,7,mcuve,38.907,34|35|36|37|38|39|40,0.0|0.0|0.0|0.0|0.0|0.0|0.0
paviaU,0.642,0.53,0.53,6,mcuve,41.278,34|35|36|37|38|39,0.0|0.0|0.0|0.0|0.0|0.0
paviaU,0.638,0.514,0.514,5,mcuve,41.956,35|36|37|38|39,0.0|0.0|0.0|0.0|0.0
paviaU,0.908,0.885,0.885,30,bsnet,2083.688,0|3|10|16|17|29|30|32|35|39|45|47|51|53|54|55|57|63|75|79|81|83|84|85|87|88|91|93|99|100,0.38680335879325867|0.42289385199546814|0.4298105239868164|0.4915830194950104|0.3869977593421936|0.385372132062912|0.34623298048973083|0.4015037715435028|0.4171106517314911|0.4095810055732727|0.48991823196411133|0.4540097415447235|0.43361330032348633|0.4470239579677582|0.446760892868042|0.4001065194606781|0.4807978570461273|0.4117334485054016|0.3938539922237396|0.4223998188972473|0.4537729322910309|0.4984324872493744|0.49687549471855164|0.4630039632320404|0.3634842038154602|0.381136417388916|0.5419231653213501|0.5567930340766907|0.3994416296482086|0.44399672746658325
paviaU,0.909,0.886,0.886,29,bsnet,0.0,0|3|10|16|17|29|30|32|35|39|45|47|51|53|54|55|57|63|75|79|81|83|84|85|87|88|93|99|100,0.38680335879325867|0.42289385199546814|0.4298105239868164|0.4915830194950104|0.3869977593421936|0.385372132062912|0.34623298048973083|0.4015037715435028|0.4171106517314911|0.4095810055732727|0.48991823196411133|0.4540097415447235|0.43361330032348633|0.4470239579677582|0.446760892868042|0.4001065194606781|0.4807978570461273|0.4117334485054016|0.3938539922237396|0.4223998188972473|0.4537729322910309|0.4984324872493744|0.49687549471855164|0.4630039632320404|0.3634842038154602|0.381136417388916|0.5567930340766907|0.3994416296482086|0.44399672746658325
paviaU,0.909,0.885,0.885,28,bsnet,0.0,0|3|10|16|29|30|32|35|39|45|47|51|53|54|55|57|63|75|79|81|83|84|85|87|88|93|99|100,0.38680335879325867|0.42289385199546814|0.4298105239868164|0.4915830194950104|0.385372132062912|0.34623298048973083|0.4015037715435028|0.4171106517314911|0.4095810055732727|0.48991823196411133|0.4540097415447235|0.43361330032348633|0.4470239579677582|0.446760892868042|0.4001065194606781|0.4807978570461273|0.4117334485054016|0.3938539922237396|0.4223998188972473|0.4537729322910309|0.4984324872493744|0.49687549471855164|0.4630039632320404|0.3634842038154602|0.381136417388916|0.5567930340766907|0.3994416296482086|0.44399672746658325
paviaU,0.909,0.884,0.884,27,bsnet,0.0,0|3|10|16|29|30|32|35|45|47|51|53|54|55|57|63|75|79|81|83|84|85|87|88|93|99|100,0.38680335879325867|0.42289385199546814|0.4298105239868164|0.4915830194950104|0.385372132062912|0.34623298048973083|0.4015037715435028|0.4171106517314911|0.48991823196411133|0.4540097415447235|0.43361330032348633|0.4470239579677582|0.446760892868042|0.4001065194606781|0.4807978570461273|0.4117334485054016|0.3938539922237396|0.4223998188972473|0.4537729322910309|0.4984324872493744|0.49687549471855164|0.4630039632320404|0.3634842038154602|0.381136417388916|0.5567930340766907|0.3994416296482086|0.44399672746658325
paviaU,0.909,0.884,0.884,26,bsnet,0.0,0|10|16|29|30|32|35|45|47|51|53|54|55|57|63|75|79|81|83|84|85|87|88|93|99|100,0.38680335879325867|0.4298105239868164|0.4915830194950104|0.385372132062912|0.34623298048973083|0.4015037715435028|0.4171106517314911|0.48991823196411133|0.4540097415447235|0.43361330032348633|0.4470239579677582|0.446760892868042|0.4001065194606781|0.4807978570461273|0.4117334485054016|0.3938539922237396|0.4223998188972473|0.4537729322910309|0.4984324872493744|0.49687549471855164|0.4630039632320404|0.3634842038154602|0.381136417388916|0.5567930340766907|0.3994416296482086|0.44399672746658325
paviaU,0.909,0.884,0.884,25,bsnet,0.0,0|10|16|29|30|32|35|45|51|53|54|55|57|63|75|79|81|83|84|85|87|88|93|99|100,0.38680335879325867|0.4298105239868164|0.4915830194950104|0.385372132062912|0.34623298048973083|0.4015037715435028|0.4171106517314911|0.48991823196411133|0.43361330032348633|0.4470239579677582|0.446760892868042|0.4001065194606781|0.4807978570461273|0.4117334485054016|0.3938539922237396|0.4223998188972473|0.4537729322910309|0.4984324872493744|0.49687549471855164|0.4630039632320404|0.3634842038154602|0.381136417388916|0.5567930340766907|0.3994416296482086|0.44399672746658325
paviaU,0.91,0.884,0.884,24,bsnet,0.0,0|10|16|29|30|32|35|45|51|53|54|55|57|63|75|79|81|83|84|85|87|88|93|99,0.38680335879325867|0.4298105239868164|0.4915830194950104|0.385372132062912|0.34623298048973083|0.4015037715435028|0.4171106517314911|0.48991823196411133|0.43361330032348633|0.4470239579677582|0.446760892868042|0.4001065194606781|0.4807978570461273|0.4117334485054016|0.3938539922237396|0.4223998188972473|0.4537729322910309|0.4984324872493744|0.49687549471855164|0.4630039632320404|0.3634842038154602|0.381136417388916|0.5567930340766907|0.3994416296482086
paviaU,0.909,0.884,0.884,23,bsnet,0.0,0|16|29|30|32|35|45|51|53|54|55|57|63|75|79|81|83|84|85|87|88|93|99,0.38680335879325867|0.4915830194950104|0.385372132062912|0.34623298048973083|0.4015037715435028|0.4171106517314911|0.48991823196411133|0.43361330032348633|0.4470239579677582|0.446760892868042|0.4001065194606781|0.4807978570461273|0.4117334485054016|0.3938539922237396|0.4223998188972473|0.4537729322910309|0.4984324872493744|0.49687549471855164|0.4630039632320404|0.3634842038154602|0.381136417388916|0.5567930340766907|0.3994416296482086
paviaU,0.912,0.887,0.887,22,bsnet,0.0,16|29|30|32|35|45|51|53|54|55|57|63|75|79|81|83|84|85|87|88|93|99,0.4915830194950104|0.385372132062912|0.34623298048973083|0.4015037715435028|0.4171106517314911|0.48991823196411133|0.43361330032348633|0.4470239579677582|0.446760892868042|0.4001065194606781|0.4807978570461273|0.4117334485054016|0.3938539922237396|0.4223998188972473|0.4537729322910309|0.4984324872493744|0.49687549471855164|0.4630039632320404|0.3634842038154602|0.381136417388916|0.5567930340766907|0.3994416296482086
paviaU,0.913,0.888,0.888,21,bsnet,0.0,16|29|30|32|35|45|51|53|54|55|57|63|75|79|81|83|84|85|88|93|99,0.4915830194950104|0.385372132062912|0.34623298048973083|0.4015037715435028|0.4171106517314911|0.48991823196411133|0.43361330032348633|0.4470239579677582|0.446760892868042|0.4001065194606781|0.4807978570461273|0.4117334485054016|0.3938539922237396|0.4223998188972473|0.4537729322910309|0.4984324872493744|0.49687549471855164|0.4630039632320404|0.381136417388916|0.5567930340766907|0.3994416296482086
paviaU,0.913,0.888,0.888,20,bsnet,0.0,16|29|30|32|35|45|51|53|54|55|57|63|75|79|81|83|84|88|93|99,0.4915830194950104|0.385372132062912|0.34623298048973083|0.4015037715435028|0.4171106517314911|0.48991823196411133|0.43361330032348633|0.4470239579677582|0.446760892868042|0.4001065194606781|0.4807978570461273|0.4117334485054016|0.3938539922237396|0.4223998188972473|0.4537729322910309|0.4984324872493744|0.49687549471855164|0.381136417388916|0.5567930340766907|0.3994416296482086
paviaU,0.908,0.884,0.884,19,bsnet,0.0,16|29|30|32|35|45|51|53|54|55|57|63|75|79|81|83|84|88|93,0.4915830194950104|0.385372132062912|0.34623298048973083|0.4015037715435028|0.4171106517314911|0.48991823196411133|0.43361330032348633|0.4470239579677582|0.446760892868042|0.4001065194606781|0.4807978570461273|0.4117334485054016|0.3938539922237396|0.4223998188972473|0.4537729322910309|0.4984324872493744|0.49687549471855164|0.381136417388916|0.5567930340766907
paviaU,0.909,0.885,0.885,18,bsnet,0.0,16|29|30|32|45|51|53|54|55|57|63|75|79|81|83|84|88|93,0.4915830194950104|0.385372132062912|0.34623298048973083|0.4015037715435028|0.48991823196411133|0.43361330032348633|0.4470239579677582|0.446760892868042|0.4001065194606781|0.4807978570461273|0.4117334485054016|0.3938539922237396|0.4223998188972473|0.4537729322910309|0.4984324872493744|0.49687549471855164|0.381136417388916|0.5567930340766907
paviaU,0.908,0.883,0.883,17,bsnet,0.0,16|29|30|32|51|53|54|55|57|63|75|79|81|83|84|88|93,0.4915830194950104|0.385372132062912|0.34623298048973083|0.4015037715435028|0.43361330032348633|0.4470239579677582|0.446760892868042|0.4001065194606781|0.4807978570461273|0.4117334485054016|0.3938539922237396|0.4223998188972473|0.4537729322910309|0.4984324872493744|0.49687549471855164|0.381136417388916|0.5567930340766907
paviaU,0.905,0.88,0.88,16,bsnet,0.0,16|29|30|32|51|53|54|55|57|63|75|79|81|83|84|88,0.4915830194950104|0.385372132062912|0.34623298048973083|0.4015037715435028|0.43361330032348633|0.4470239579677582|0.446760892868042|0.4001065194606781|0.4807978570461273|0.4117334485054016|0.3938539922237396|0.4223998188972473|0.4537729322910309|0.4984324872493744|0.49687549471855164|0.381136417388916
paviaU,0.901,0.876,0.876,15,bsnet,0.0,16|29|30|32|51|53|54|55|57|63|75|79|83|84|88,0.4915830194950104|0.385372132062912|0.34623298048973083|0.4015037715435028|0.43361330032348633|0.4470239579677582|0.446760892868042|0.4001065194606781|0.4807978570461273|0.4117334485054016|0.3938539922237396|0.4223998188972473|0.4984324872493744|0.49687549471855164|0.381136417388916
paviaU,0.902,0.877,0.877,14,bsnet,0.0,16|29|30|32|51|53|54|55|63|75|79|83|84|88,0.4915830194950104|0.385372132062912|0.34623298048973083|0.4015037715435028|0.43361330032348633|0.4470239579677582|0.446760892868042|0.4001065194606781|0.4117334485054016|0.3938539922237396|0.4223998188972473|0.4984324872493744|0.49687549471855164|0.381136417388916
paviaU,0.895,0.869,0.869,13,bsnet,0.0,16|29|30|32|51|53|54|55|63|75|83|84|88,0.4915830194950104|0.385372132062912|0.34623298048973083|0.4015037715435028|0.43361330032348633|0.4470239579677582|0.446760892868042|0.4001065194606781|0.4117334485054016|0.3938539922237396|0.4984324872493744|0.49687549471855164|0.381136417388916
paviaU,0.891,0.865,0.865,12,bsnet,0.0,16|29|30|32|51|53|54|55|63|83|84|88,0.4915830194950104|0.385372132062912|0.34623298048973083|0.4015037715435028|0.43361330032348633|0.4470239579677582|0.446760892868042|0.4001065194606781|0.4117334485054016|0.4984324872493744|0.49687549471855164|0.381136417388916
paviaU,0.89,0.862,0.862,11,bsnet,0.0,16|29|30|32|53|54|55|63|83|84|88,0.4915830194950104|0.385372132062912|0.34623298048973083|0.4015037715435028|0.4470239579677582|0.446760892868042|0.4001065194606781|0.4117334485054016|0.4984324872493744|0.49687549471855164|0.381136417388916
paviaU,0.855,0.819,0.819,10,bsnet,0.0,16|29|30|32|53|54|55|63|83|88,0.4915830194950104|0.385372132062912|0.34623298048973083|0.4015037715435028|0.4470239579677582|0.446760892868042|0.4001065194606781|0.4117334485054016|0.4984324872493744|0.381136417388916
paviaU,0.855,0.819,0.819,9,bsnet,0.0,16|29|30|32|53|55|63|83|88,0.4915830194950104|0.385372132062912|0.34623298048973083|0.4015037715435028|0.4470239579677582|0.4001065194606781|0.4117334485054016|0.4984324872493744|0.381136417388916
paviaU,0.85,0.812,0.812,8,bsnet,0.0,16|29|30|32|53|55|83|88,0.4915830194950104|0.385372132062912|0.34623298048973083|0.4015037715435028|0.4470239579677582|0.4001065194606781|0.4984324872493744|0.381136417388916
paviaU,0.85,0.811,0.811,7,bsnet,0.0,16|30|32|53|55|83|88,0.4915830194950104|0.34623298048973083|0.4015037715435028|0.4470239579677582|0.4001065194606781|0.4984324872493744|0.381136417388916
paviaU,0.846,0.806,0.806,6,bsnet,0.0,16|30|53|55|83|88,0.4915830194950104|0.34623298048973083|0.4470239579677582|0.4001065194606781|0.4984324872493744|0.381136417388916
paviaU,0.844,0.803,0.803,5,bsnet,0.0,16|30|55|83|88,0.4915830194950104|0.34623298048973083|0.4001065194606781|0.4984324872493744|0.381136417388916
paviaU,0.917,0.891,0.891,30,v0,5535.401,4|10|24|28|34|36|38|42|46|49|51|52|54|57|59|60|64|65|70|71|75|77|81|82|84|87|89|91|93|100,0.057131268084049225|0.1671615093946457|0.15753057599067688|0.7390815615653992|0.45735350251197815|0.11169612407684326|0.40514811873435974|0.5042794346809387|0.6029502153396606|0.28238174319267273|0.5475525259971619|0.490445613861084|0.04594388231635094|0.17120173573493958|0.9145756959915161|0.554027795791626|0.42573270201683044|0.3782525956630707|0.3877173364162445|0.029513774439692497|0.13862036168575287|0.6308922171592712|0.5051328539848328|0.2669481635093689|0.37906908988952637|0.2079048603773117|0.5505455732345581|0.8992161750793457|0.7111746072769165|0.6188804507255554
paviaU,0.917,0.892,0.892,29,v0,0.0,4|10|24|28|34|36|38|42|46|49|51|52|57|59|60|64|65|70|71|75|77|81|82|84|87|89|91|93|100,0.057131268084049225|0.1671615093946457|0.15753057599067688|0.7390815615653992|0.45735350251197815|0.11169612407684326|0.40514811873435974|0.5042794346809387|0.6029502153396606|0.28238174319267273|0.5475525259971619|0.490445613861084|0.17120173573493958|0.9145756959915161|0.554027795791626|0.42573270201683044|0.3782525956630707|0.3877173364162445|0.029513774439692497|0.13862036168575287|0.6308922171592712|0.5051328539848328|0.2669481635093689|0.37906908988952637|0.2079048603773117|0.5505455732345581|0.8992161750793457|0.7111746072769165|0.6188804507255554
paviaU,0.918,0.893,0.893,28,v0,0.0,4|10|24|28|34|36|38|42|46|49|51|52|57|60|64|65|70|71|75|77|81|82|84|87|89|91|93|100,0.057131268084049225|0.1671615093946457|0.15753057599067688|0.7390815615653992|0.45735350251197815|0.11169612407684326|0.40514811873435974|0.5042794346809387|0.6029502153396606|0.28238174319267273|0.5475525259971619|0.490445613861084|0.17120173573493958|0.554027795791626|0.42573270201683044|0.3782525956630707|0.3877173364162445|0.029513774439692497|0.13862036168575287|0.6308922171592712|0.5051328539848328|0.2669481635093689|0.37906908988952637|0.2079048603773117|0.5505455732345581|0.8992161750793457|0.7111746072769165|0.6188804507255554
paviaU,0.917,0.892,0.892,27,v0,0.0,4|10|24|28|34|36|38|42|46|49|51|52|57|60|64|65|70|75|77|81|82|84|87|89|91|93|100,0.057131268084049225|0.1671615093946457|0.15753057599067688|0.7390815615653992|0.45735350251197815|0.11169612407684326|0.40514811873435974|0.5042794346809387|0.6029502153396606|0.28238174319267273|0.5475525259971619|0.490445613861084|0.17120173573493958|0.554027795791626|0.42573270201683044|0.3782525956630707|0.3877173364162445|0.13862036168575287|0.6308922171592712|0.5051328539848328|0.2669481635093689|0.37906908988952637|0.2079048603773117|0.5505455732345581|0.8992161750793457|0.7111746072769165|0.6188804507255554
paviaU,0.915,0.891,0.891,26,v0,0.0,4|10|24|28|34|36|38|42|46|49|51|52|57|60|64|65|70|75|77|81|82|84|87|89|91|93,0.057131268084049225|0.1671615093946457|0.15753057599067688|0.7390815615653992|0.45735350251197815|0.11169612407684326|0.40514811873435974|0.5042794346809387|0.6029502153396606|0.28238174319267273|0.5475525259971619|0.490445613861084|0.17120173573493958|0.554027795791626|0.42573270201683044|0.3782525956630707|0.3877173364162445|0.13862036168575287|0.6308922171592712|0.5051328539848328|0.2669481635093689|0.37906908988952637|0.2079048603773117|0.5505455732345581|0.8992161750793457|0.7111746072769165
paviaU,0.916,0.891,0.891,25,v0,0.0,4|10|24|28|34|36|38|42|46|49|52|57|60|64|65|70|75|77|81|82|84|87|89|91|93,0.057131268084049225|0.1671615093946457|0.15753057599067688|0.7390815615653992|0.45735350251197815|0.11169612407684326|0.40514811873435974|0.5042794346809387|0.6029502153396606|0.28238174319267273|0.490445613861084|0.17120173573493958|0.554027795791626|0.42573270201683044|0.3782525956630707|0.3877173364162445|0.13862036168575287|0.6308922171592712|0.5051328539848328|0.2669481635093689|0.37906908988952637|0.2079048603773117|0.5505455732345581|0.8992161750793457|0.7111746072769165
paviaU,0.916,0.892,0.892,24,v0,0.0,4|10|24|28|34|36|38|42|46|49|52|57|60|64|65|70|75|77|81|82|84|87|89|91,0.057131268084049225|0.1671615093946457|0.15753057599067688|0.7390815615653992|0.45735350251197815|0.11169612407684326|0.40514811873435974|0.5042794346809387|0.6029502153396606|0.28238174319267273|0.490445613861084|0.17120173573493958|0.554027795791626|0.42573270201683044|0.3782525956630707|0.3877173364162445|0.13862036168575287|0.6308922171592712|0.5051328539848328|0.2669481635093689|0.37906908988952637|0.2079048603773117|0.5505455732345581|0.8992161750793457
paviaU,0.912,0.885,0.885,23,v0,0.0,4|10|28|34|36|38|42|46|49|52|57|60|64|65|70|75|77|81|82|84|87|89|91,0.057131268084049225|0.1671615093946457|0.7390815615653992|0.45735350251197815|0.11169612407684326|0.40514811873435974|0.5042794346809387|0.6029502153396606|0.28238174319267273|0.490445613861084|0.17120173573493958|0.554027795791626|0.42573270201683044|0.3782525956630707|0.3877173364162445|0.13862036168575287|0.6308922171592712|0.5051328539848328|0.2669481635093689|0.37906908988952637|0.2079048603773117|0.5505455732345581|0.8992161750793457
paviaU,0.912,0.885,0.885,22,v0,0.0,4|10|28|34|36|38|42|49|52|57|60|64|65|70|75|77|81|82|84|87|89|91,0.057131268084049225|0.1671615093946457|0.7390815615653992|0.45735350251197815|0.11169612407684326|0.40514811873435974|0.5042794346809387|0.28238174319267273|0.490445613861084|0.17120173573493958|0.554027795791626|0.42573270201683044|0.3782525956630707|0.3877173364162445|0.13862036168575287|0.6308922171592712|0.5051328539848328|0.2669481635093689|0.37906908988952637|0.2079048603773117|0.5505455732345581|0.8992161750793457
paviaU,0.913,0.886,0.886,21,v0,0.0,4|10|28|34|36|38|42|49|52|57|60|64|65|70|75|77|81|82|84|87|91,0.057131268084049225|0.1671615093946457|0.7390815615653992|0.45735350251197815|0.11169612407684326|0.40514811873435974|0.5042794346809387|0.28238174319267273|0.490445613861084|0.17120173573493958|0.554027795791626|0.42573270201683044|0.3782525956630707|0.3877173364162445|0.13862036168575287|0.6308922171592712|0.5051328539848328|0.2669481635093689|0.37906908988952637|0.2079048603773117|0.8992161750793457
paviaU,0.914,0.886,0.886,20,v0,0.0,10|28|34|36|38|42|49|52|57|60|64|65|70|75|77|81|82|84|87|91,0.1671615093946457|0.7390815615653992|0.45735350251197815|0.11169612407684326|0.40514811873435974|0.5042794346809387|0.28238174319267273|0.490445613861084|0.17120173573493958|0.554027795791626|0.42573270201683044|0.3782525956630707|0.3877173364162445|0.13862036168575287|0.6308922171592712|0.5051328539848328|0.2669481635093689|0.37906908988952637|0.2079048603773117|0.8992161750793457
paviaU,0.913,0.886,0.886,19,v0,0.0,10|28|34|36|38|42|49|52|57|64|65|70|75|77|81|82|84|87|91,0.1671615093946457|0.7390815615653992|0.45735350251197815|0.11169612407684326|0.40514811873435974|0.5042794346809387|0.28238174319267273|0.490445613861084|0.17120173573493958|0.42573270201683044|0.3782525956630707|0.3877173364162445|0.13862036168575287|0.6308922171592712|0.5051328539848328|0.2669481635093689|0.37906908988952637|0.2079048603773117|0.8992161750793457
paviaU,0.914,0.886,0.886,18,v0,0.0,10|28|34|36|38|42|52|57|64|65|70|75|77|81|82|84|87|91,0.1671615093946457|0.7390815615653992|0.45735350251197815|0.11169612407684326|0.40514811873435974|0.5042794346809387|0.490445613861084|0.17120173573493958|0.42573270201683044|0.3782525956630707|0.3877173364162445|0.13862036168575287|0.6308922171592712|0.5051328539848328|0.2669481635093689|0.37906908988952637|0.2079048603773117|0.8992161750793457
paviaU,0.914,0.886,0.886,17,v0,0.0,10|28|34|36|38|42|52|57|64|65|70|75|81|82|84|87|91,0.1671615093946457|0.7390815615653992|0.45735350251197815|0.11169612407684326|0.40514811873435974|0.5042794346809387|0.490445613861084|0.17120173573493958|0.42573270201683044|0.3782525956630707|0.3877173364162445|0.13862036168575287|0.5051328539848328|0.2669481635093689|0.37906908988952637|0.2079048603773117|0.8992161750793457
paviaU,0.914,0.887,0.887,16,v0,0.0,10|28|34|36|42|52|57|64|65|70|75|81|82|84|87|91,0.1671615093946457|0.7390815615653992|0.45735350251197815|0.11169612407684326|0.5042794346809387|0.490445613861084|0.17120173573493958|0.42573270201683044|0.3782525956630707|0.3877173364162445|0.13862036168575287|0.5051328539848328|0.2669481635093689|0.37906908988952637|0.2079048603773117|0.8992161750793457
paviaU,0.915,0.886,0.886,15,v0,0.0,10|28|34|42|52|57|64|65|70|75|81|82|84|87|91,0.1671615093946457|0.7390815615653992|0.45735350251197815|0.5042794346809387|0.490445613861084|0.17120173573493958|0.42573270201683044|0.3782525956630707|0.3877173364162445|0.13862036168575287|0.5051328539848328|0.2669481635093689|0.37906908988952637|0.2079048603773117|0.8992161750793457
paviaU,0.914,0.886,0.886,14,v0,0.0,10|28|34|42|52|57|64|70|75|81|82|84|87|91,0.1671615093946457|0.7390815615653992|0.45735350251197815|0.5042794346809387|0.490445613861084|0.17120173573493958|0.42573270201683044|0.3877173364162445|0.13862036168575287|0.5051328539848328|0.2669481635093689|0.37906908988952637|0.2079048603773117|0.8992161750793457
paviaU,0.912,0.883,0.883,13,v0,0.0,10|28|34|52|57|64|70|75|81|82|84|87|91,0.1671615093946457|0.7390815615653992|0.45735350251197815|0.490445613861084|0.17120173573493958|0.42573270201683044|0.3877173364162445|0.13862036168575287|0.5051328539848328|0.2669481635093689|0.37906908988952637|0.2079048603773117|0.8992161750793457
paviaU,0.913,0.883,0.883,12,v0,0.0,10|28|34|57|64|70|75|81|82|84|87|91,0.1671615093946457|0.7390815615653992|0.45735350251197815|0.17120173573493958|0.42573270201683044|0.3877173364162445|0.13862036168575287|0.5051328539848328|0.2669481635093689|0.37906908988952637|0.2079048603773117|0.8992161750793457
paviaU,0.91,0.88,0.88,11,v0,0.0,10|28|57|64|70|75|81|82|84|87|91,0.1671615093946457|0.7390815615653992|0.17120173573493958|0.42573270201683044|0.3877173364162445|0.13862036168575287|0.5051328539848328|0.2669481635093689|0.37906908988952637|0.2079048603773117|0.8992161750793457
paviaU,0.909,0.879,0.879,10,v0,0.0,10|28|57|64|70|75|81|82|84|87,0.1671615093946457|0.7390815615653992|0.17120173573493958|0.42573270201683044|0.3877173364162445|0.13862036168575287|0.5051328539848328|0.2669481635093689|0.37906908988952637|0.2079048603773117
paviaU,0.908,0.878,0.878,9,v0,0.0,10|28|57|64|70|75|81|82|84,0.1671615093946457|0.7390815615653992|0.17120173573493958|0.42573270201683044|0.3877173364162445|0.13862036168575287|0.5051328539848328|0.2669481635093689|0.37906908988952637
paviaU,0.904,0.872,0.872,8,v0,0.0,28|57|64|70|75|81|82|84,0.7390815615653992|0.17120173573493958|0.42573270201683044|0.3877173364162445|0.13862036168575287|0.5051328539848328|0.2669481635093689|0.37906908988952637
paviaU,0.902,0.869,0.869,7,v0,0.0,28|57|64|70|81|82|84,0.7390815615653992|0.17120173573493958|0.42573270201683044|0.3877173364162445|0.5051328539848328|0.2669481635093689|0.37906908988952637
paviaU,0.9,0.864,0.864,6,v0,0.0,28|57|70|81|82|84,0.7390815615653992|0.17120173573493958|0.3877173364162445|0.5051328539848328|0.2669481635093689|0.37906908988952637
paviaU,0.898,0.86,0.86,5,v0,0.0,28|57|70|82|84,0.7390815615653992|0.17120173573493958|0.3877173364162445|0.2669481635093689|0.37906908988952637
paviaU,0.922,0.896,0.896,11,v9,0.0,14|21|47|57|62|68|71|82|84|96|98,0.45827919244766235|0.22040918469429016|0.08072800189256668|0.22026360034942627|0.04897060617804527|0.2727016508579254|0.02095688506960869|0.018476452678442|0.06073210388422012|0.05105900019407272|0.05111754313111305
paviaU,0.922,0.896,0.896,12,v9,0.0,14|21|47|57|62|68|71|82|83|84|96|98,0.45827919244766235|0.22040918469429016|0.08072800189256668|0.22026360034942627|0.04897060617804527|0.2727016508579254|0.02095688506960869|0.018476452678442|0.015305263921618462|0.06073210388422012|0.05105900019407272|0.05111754313111305
paviaU,0.924,0.9,0.9,13,v9,0.0,14|21|41|47|57|62|68|71|82|83|84|96|98,0.45827919244766235|0.22040918469429016|0.1291666179895401|0.08072800189256668|0.22026360034942627|0.04897060617804527|0.2727016508579254|0.02095688506960869|0.018476452678442|0.015305263921618462|0.06073210388422012|0.05105900019407272|0.05111754313111305
paviaU,0.924,0.9,0.9,14,v9,0.0,14|21|41|42|47|57|62|68|71|82|83|84|96|98,0.45827919244766235|0.22040918469429016|0.1291666179895401|0.05907551944255829|0.08072800189256668|0.22026360034942627|0.04897060617804527|0.2727016508579254|0.02095688506960869|0.018476452678442|0.015305263921618462|0.06073210388422012|0.05105900019407272|0.05111754313111305
paviaU,0.885,0.837,0.837,7,v9,0.0,57|62|68|71|84|96|98,0.22026360034942627|0.04897060617804527|0.2727016508579254|0.02095688506960869|0.06073210388422012|0.05105900019407272|0.05111754313111305
paviaU,0.902,0.871,0.871,8,v9,0.0,21|57|62|68|71|84|96|98,0.22040918469429016|0.22026360034942627|0.04897060617804527|0.2727016508579254|0.02095688506960869|0.06073210388422012|0.05105900019407272|0.05111754313111305
paviaU,0.917,0.888,0.888,9,v9,0.0,21|57|62|68|71|82|84|96|98,0.22040918469429016|0.22026360034942627|0.04897060617804527|0.2727016508579254|0.02095688506960869|0.018476452678442|0.06073210388422012|0.05105900019407272|0.05111754313111305
paviaU,0.925,0.9,0.9,17,v9,0.0,14|21|25|38|41|42|47|57|62|68|71|75|82|83|84|96|98,0.45827919244766235|0.22040918469429016|0.4749571979045868|0.23933441936969757|0.1291666179895401|0.05907551944255829|0.08072800189256668|0.22026360034942627|0.04897060617804527|0.2727016508579254|0.02095688506960869|0.6065689325332642|0.018476452678442|0.015305263921618462|0.06073210388422012|0.05105900019407272|0.05111754313111305
paviaU,0.925,0.9,0.9,16,v9,0.0,14|21|38|41|42|47|57|62|68|71|75|82|83|84|96|98,0.45827919244766235|0.22040918469429016|0.23933441936969757|0.1291666179895401|0.05907551944255829|0.08072800189256668|0.22026360034942627|0.04897060617804527|0.2727016508579254|0.02095688506960869|0.6065689325332642|0.018476452678442|0.015305263921618462|0.06073210388422012|0.05105900019407272|0.05111754313111305
paviaU,0.924,0.9,0.9,15,v9,0.0,14|21|41|42|47|57|62|68|71|75|82|83|84|96|98,0.45827919244766235|0.22040918469429016|0.1291666179895401|0.05907551944255829|0.08072800189256668|0.22026360034942627|0.04897060617804527|0.2727016508579254|0.02095688506960869|0.6065689325332642|0.018476452678442|0.015305263921618462|0.06073210388422012|0.05105900019407272|0.05111754313111305
paviaU,0.925,0.901,0.901,18,v9,0.0,14|21|25|38|41|42|47|57|62|64|68|71|75|82|83|84|96|98,0.45827919244766235|0.22040918469429016|0.4749571979045868|0.23933441936969757|0.1291666179895401|0.05907551944255829|0.08072800189256668|0.22026360034942627|0.04897060617804527|0.22419637441635132|0.2727016508579254|0.02095688506960869|0.6065689325332642|0.018476452678442|0.015305263921618462|0.06073210388422012|0.05105900019407272|0.05111754313111305
paviaU,0.923,0.9,0.9,22,v9,0.0,14|21|25|30|38|41|42|47|57|62|64|68|71|75|76|80|82|83|84|86|96|98,0.45827919244766235|0.22040918469429016|0.4749571979045868|0.6181202530860901|0.23933441936969757|0.1291666179895401|0.05907551944255829|0.08072800189256668|0.22026360034942627|0.04897060617804527|0.22419637441635132|0.2727016508579254|0.02095688506960869|0.6065689325332642|0.09635546803474426|0.1566346138715744|0.018476452678442|0.015305263921618462|0.06073210388422012|0.0693986564874649|0.05105900019407272|0.05111754313111305
paviaU,0.925,0.901,0.901,19,v9,0.0,14|21|25|38|41|42|47|57|62|64|68|71|75|80|82|83|84|96|98,0.45827919244766235|0.22040918469429016|0.4749571979045868|0.23933441936969757|0.1291666179895401|0.05907551944255829|0.08072800189256668|0.22026360034942627|0.04897060617804527|0.22419637441635132|0.2727016508579254|0.02095688506960869|0.6065689325332642|0.1566346138715744|0.018476452678442|0.015305263921618462|0.06073210388422012|0.05105900019407272|0.05111754313111305
paviaU,0.924,0.9,0.9,20,v9,0.0,14|21|25|38|41|42|47|57|62|64|68|71|75|76|80|82|83|84|96|98,0.45827919244766235|0.22040918469429016|0.4749571979045868|0.23933441936969757|0.1291666179895401|0.05907551944255829|0.08072800189256668|0.22026360034942627|0.04897060617804527|0.22419637441635132|0.2727016508579254|0.02095688506960869|0.6065689325332642|0.09635546803474426|0.1566346138715744|0.018476452678442|0.015305263921618462|0.06073210388422012|0.05105900019407272|0.05111754313111305
paviaU,0.924,0.9,0.9,21,v9,0.0,14|21|25|38|41|42|47|57|62|64|68|71|75|76|80|82|83|84|86|96|98,0.45827919244766235|0.22040918469429016|0.4749571979045868|0.23933441936969757|0.1291666179895401|0.05907551944255829|0.08072800189256668|0.22026360034942627|0.04897060617804527|0.22419637441635132|0.2727016508579254|0.02095688506960869|0.6065689325332642|0.09635546803474426|0.1566346138715744|0.018476452678442|0.015305263921618462|0.06073210388422012|0.0693986564874649|0.05105900019407272|0.05111754313111305
paviaU,0.925,0.901,0.901,25,v9,0.0,9|14|16|21|25|30|38|41|42|47|57|62|63|64|68|71|75|76|80|82|83|84|86|96|98,0.04438634589314461|0.45827919244766235|0.006137503776699305|0.22040918469429016|0.4749571979045868|0.6181202530860901|0.23933441936969757|0.1291666179895401|0.05907551944255829|0.08072800189256668|0.22026360034942627|0.04897060617804527|0.012159577570855618|0.22419637441635132|0.2727016508579254|0.02095688506960869|0.6065689325332642|0.09635546803474426|0.1566346138715744|0.018476452678442|0.015305263921618462|0.06073210388422012|0.0693986564874649|0.05105900019407272|0.05111754313111305
paviaU,0.923,0.9,0.9,24,v9,0.0,14|16|21|25|30|38|41|42|47|57|62|63|64|68|71|75|76|80|82|83|84|86|96|98,0.45827919244766235|0.006137503776699305|0.22040918469429016|0.4749571979045868|0.6181202530860901|0.23933441936969757|0.1291666179895401|0.05907551944255829|0.08072800189256668|0.22026360034942627|0.04897060617804527|0.012159577570855618|0.22419637441635132|0.2727016508579254|0.02095688506960869|0.6065689325332642|0.09635546803474426|0.1566346138715744|0.018476452678442|0.015305263921618462|0.06073210388422012|0.0693986564874649|0.05105900019407272|0.05111754313111305
paviaU,0.924,0.9,0.9,23,v9,0.0,14|16|21|25|30|38|41|42|47|57|62|64|68|71|75|76|80|82|83|84|86|96|98,0.45827919244766235|0.006137503776699305|0.22040918469429016|0.4749571979045868|0.6181202530860901|0.23933441936969757|0.1291666179895401|0.05907551944255829|0.08072800189256668|0.22026360034942627|0.04897060617804527|0.22419637441635132|0.2727016508579254|0.02095688506960869|0.6065689325332642|0.09635546803474426|0.1566346138715744|0.018476452678442|0.015305263921618462|0.06073210388422012|0.0693986564874649|0.05105900019407272|0.05111754313111305
paviaU,0.924,0.9,0.9,26,v9,0.0,9|14|16|21|25|30|38|41|42|47|54|57|62|63|64|68|71|75|76|80|82|83|84|86|96|98,0.04438634589314461|0.45827919244766235|0.006137503776699305|0.22040918469429016|0.4749571979045868|0.6181202530860901|0.23933441936969757|0.1291666179895401|0.05907551944255829|0.08072800189256668|0.5023375153541565|0.22026360034942627|0.04897060617804527|0.012159577570855618|0.22419637441635132|0.2727016508579254|0.02095688506960869|0.6065689325332642|0.09635546803474426|0.1566346138715744|0.018476452678442|0.015305263921618462|0.06073210388422012|0.0693986564874649|0.05105900019407272|0.05111754313111305
paviaU,0.922,0.898,0.898,29,v9,0.0,9|14|16|21|25|27|30|38|41|42|47|54|57|59|62|63|64|68|71|75|76|80|82|83|84|86|96|98|102,0.04438634589314461|0.45827919244766235|0.006137503776699305|0.22040918469429016|0.4749571979045868|0.016858069226145744|0.6181202530860901|0.23933441936969757|0.1291666179895401|0.05907551944255829|0.08072800189256668|0.5023375153541565|0.22026360034942627|0.07683584094047546|0.04897060617804527|0.012159577570855618|0.22419637441635132|0.2727016508579254|0.02095688506960869|0.6065689325332642|0.09635546803474426|0.1566346138715744|0.018476452678442|0.015305263921618462|0.06073210388422012|0.0693986564874649|0.05105900019407272|0.05111754313111305|0.4153531789779663
paviaU,0.923,0.899,0.899,28,v9,0.0,9|14|16|21|25|30|38|41|42|47|54|57|59|62|63|64|68|71|75|76|80|82|83|84|86|96|98|102,0.04438634589314461|0.45827919244766235|0.006137503776699305|0.22040918469429016|0.4749571979045868|0.6181202530860901|0.23933441936969757|0.1291666179895401|0.05907551944255829|0.08072800189256668|0.5023375153541565|0.22026360034942627|0.07683584094047546|0.04897060617804527|0.012159577570855618|0.22419637441635132|0.2727016508579254|0.02095688506960869|0.6065689325332642|0.09635546803474426|0.1566346138715744|0.018476452678442|0.015305263921618462|0.06073210388422012|0.0693986564874649|0.05105900019407272|0.05111754313111305|0.4153531789779663
paviaU,0.923,0.9,0.9,27,v9,0.0,9|14|16|21|25|30|38|41|42|47|54|57|59|62|63|64|68|71|75|76|80|82|83|84|86|96|98,0.04438634589314461|0.45827919244766235|0.006137503776699305|0.22040918469429016|0.4749571979045868|0.6181202530860901|0.23933441936969757|0.1291666179895401|0.05907551944255829|0.08072800189256668|0.5023375153541565|0.22026360034942627|0.07683584094047546|0.04897060617804527|0.012159577570855618|0.22419637441635132|0.2727016508579254|0.02095688506960869|0.6065689325332642|0.09635546803474426|0.1566346138715744|0.018476452678442|0.015305263921618462|0.06073210388422012|0.0693986564874649|0.05105900019407272|0.05111754313111305
paviaU,0.921,0.897,0.897,30,v9,2077.211,9|14|16|21|25|27|30|38|41|42|47|51|54|57|59|62|63|64|68|71|75|76|80|82|83|84|86|96|98|102,0.04438634589314461|0.45827919244766235|0.006137503776699305|0.22040918469429016|0.4749571979045868|0.016858069226145744|0.6181202530860901|0.23933441936969757|0.1291666179895401|0.05907551944255829|0.08072800189256668|0.015728287398815155|0.5023375153541565|0.22026360034942627|0.07683584094047546|0.04897060617804527|0.012159577570855618|0.22419637441635132|0.2727016508579254|0.02095688506960869|0.6065689325332642|0.09635546803474426|0.1566346138715744|0.018476452678442|0.015305263921618462|0.06073210388422012|0.0693986564874649|0.05105900019407272|0.05111754313111305|0.4153531789779663
paviaU,0.873,0.797,0.797,5,v9,0.0,62|68|71|84|96,0.04897060617804527|0.2727016508579254|0.02095688506960869|0.06073210388422012|0.05105900019407272
paviaU,0.88,0.821,0.821,6,v9,0.0,62|68|71|84|96|98,0.04897060617804527|0.2727016508579254|0.02095688506960869|0.06073210388422012|0.05105900019407272|0.05111754313111305
paviaU,0.918,0.89,0.89,10,v9,0.0,14|21|57|62|68|71|82|84|96|98,0.45827919244766235|0.22040918469429016|0.22026360034942627|0.04897060617804527|0.2727016508579254|0.02095688506960869|0.018476452678442|0.06073210388422012|0.05105900019407272|0.05111754313111305
paviaU,0.889,0.878,0.878,9,bsdr,2.385,10|21|33|42|47|63|70|83|93,0.0|0.0|0.0|0.0|0.0|0.0|0.0|0.0|0.0
paviaU,0.926,0.914,0.914,23,bsdr,2.757,5|9|15|16|20|26|32|36|39|42|46|48|55|62|63|68|72|79|83|85|88|93|98,0.0|0.0|0.0|0.0|0.0|0.0|0.0|0.0|0.0|0.0|0.0|0.0|0.0|0.0|0.0|0.0|0.0|0.0|0.0|0.0|0.0|0.0|0.0
paviaU,0.932,0.919,0.919,22,bsdr,2.564,4|9|14|17|21|26|32|36|42|47|48|55|58|62|64|69|73|82|83|85|93|98,0.0|0.0|0.0|0.0|0.0|0.0|0.0|0.0|0.0|0.0|0.0|0.0|0.0|0.0|0.0|0.0|0.0|0.0|0.0|0.0|0.0|0.0
paviaU,0.926,0.913,0.913,21,bsdr,2.716,5|9|14|18|25|26|32|35|42|46|49|56|61|67|69|73|80|83|85|92|98,0.0|0.0|0.0|0.0|0.0|0.0|0.0|0.0|0.0|0.0|0.0|0.0|0.0|0.0|0.0|0.0|0.0|0.0|0.0|0.0|0.0
paviaU,0.926,0.914,0.914,24,bsdr,2.861,4|9|12|16|21|25|31|33|39|41|42|51|55|63|69|70|73|78|83|85|86|92|98,0.0|0.0|0.0|0.0|0.0|0.0|0.0|0.0|0.0|0.0|0.0|0.0|0.0|0.0|0.0|0.0|0.0|0.0|0.0|0.0|0.0|0.0|0.0
paviaU,0.907,0.894,0.894,11,bsdr,2.419,9|16|25|33|45|51|61|68|75|85|97,0.0|0.0|0.0|0.0|0.0|0.0|0.0|0.0|0.0|0.0|0.0
paviaU,0.897,0.887,0.887,10,bsdr,2.152,9|19|23|39|45|59|64|68|85|93,0.0|0.0|0.0|0.0|0.0|0.0|0.0|0.0|0.0|0.0
paviaU,0.922,0.912,0.912,17,bsdr,2.665,6|14|16|21|31|36|39|46|51|55|64|68|75|83|85|91|98,0.0|0.0|0.0|0.0|0.0|0.0|0.0|0.0|0.0|0.0|0.0|0.0|0.0|0.0|0.0|0.0|0.0
paviaU,0.918,0.905,0.905,16,bsdr,2.384,6|14|17|21|32|36|42|49|55|57|67|70|79|85|89|98,0.0|0.0|0.0|0.0|0.0|0.0|0.0|0.0|0.0|0.0|0.0|0.0|0.0|0.0|0.0|0.0
paviaU,0.924,0.91,0.91,15,bsdr,2.476,6|13|21|27|33|41|45|47|61|64|68|73|85|88|97,0.0|0.0|0.0|0.0|0.0|0.0|0.0|0.0|0.0|0.0|0.0|0.0|0.0|0.0|0.0
paviaU,0.922,0.914,0.914,14,bsdr,2.488,6|15|21|26|36|42|45|58|63|69|72|83|85|94,0.0|0.0|0.0|0.0|0.0|0.0|0.0|0.0|0.0|0.0|0.0|0.0|0.0|0.0
paviaU,0.921,0.911,0.911,13,bsdr,2.268,6|15|21|31|39|42|49|56|68|71|77|85|97,0.0|0.0|0.0|0.0|0.0|0.0|0.0|0.0|0.0|0.0|0.0|0.0|0.0
paviaU,0.901,0.89,0.89,12,bsdr,2.423,9|16|24|33|42|46|55|64|68|76|88|95,0.0|0.0|0.0|0.0|0.0|0.0|0.0|0.0|0.0|0.0|0.0|0.0
paviaU,0.895,0.877,0.877,7,bsdr,2.156,14|26|42|49|69|73|85,0.0|0.0|0.0|0.0|0.0|0.0|0.0
paviaU,0.875,0.843,0.843,6,bsdr,1.981,15|32|39|59|69|85,0.0|0.0|0.0|0.0|0.0|0.0
paviaU,0.877,0.855,0.855,5,bsdr,2.15,16|33|56|69|88,0.0|0.0|0.0|0.0|0.0
paviaU,0.903,0.884,0.884,8,bsdr,2.322,10|26|40|42|61|68|73|85,0.0|0.0|0.0|0.0|0.0|0.0|0.0|0.0
paviaU,0.927,0.917,0.917,28,bsdr,2.74,3|6|10|14|17|21|25|31|34|37|44|46|56|59|61|64|67|70|73|76|80|83|85|89|94|98,0.0|0.0|0.0|0.0|0.0|0.0|0.0|0.0|0.0|0.0|0.0|0.0|0.0|0.0|0.0|0.0|0.0|0.0|0.0|0.0|0.0|0.0|0.0|0.0|0.0|0.0
paviaU,0.924,0.914,0.914,25,bsdr,2.664,4|9|12|15|19|24|29|31|35|42|44|46|50|55|58|63|67|70|73|76|83|85|87|93|98,0.0|0.0|0.0|0.0|0.0|0.0|0.0|0.0|0.0|0.0|0.0|0.0|0.0|0.0|0.0|0.0|0.0|0.0|0.0|0.0|0.0|0.0|0.0|0.0|0.0
paviaU,0.937,0.924,0.924,26,bsdr,2.868,3|7|14|17|21|26|31|35|37|42|46|47|55|61|63|65|67|69|73|82|83|85|91|97|99,0.0|0.0|0.0|0.0|0.0|0.0|0.0|0.0|0.0|0.0|0.0|0.0|0.0|0.0|0.0|0.0|0.0|0.0|0.0|0.0|0.0|0.0|0.0|0.0|0.0
paviaU,0.922,0.914,0.914,20,bsdr,2.665,5|9|16|18|24|27|34|37|42|48|55|61|64|67|70|78|83|85|93|98,0.0|0.0|0.0|0.0|0.0|0.0|0.0|0.0|0.0|0.0|0.0|0.0|0.0|0.0|0.0|0.0|0.0|0.0|0.0|0.0
paviaU,0.927,0.915,0.915,19,bsdr,2.468,4|14|20|25|31|39|42|45|51|55|63|68|70|74|83|85|86|98,0.0|0.0|0.0|0.0|0.0|0.0|0.0|0.0|0.0|0.0|0.0|0.0|0.0|0.0|0.0|0.0|0.0|0.0
paviaU,0.924,0.914,0.914,18,bsdr,2.691,6|14|16|20|27|36|42|46|49|56|58|63|69|74|83|85|88|98,0.0|0.0|0.0|0.0|0.0|0.0|0.0|0.0|0.0|0.0|0.0|0.0|0.0|0.0|0.0|0.0|0.0|0.0
paviaU,0.93,0.917,0.917,29,bsdr,3.003,4|7|10|14|17|20|24|27|32|34|38|41|46|51|61|63|64|68|70|72|76|79|83|85|87|89|97|99,0.0|0.0|0.0|0.0|0.0|0.0|0.0|0.0|0.0|0.0|0.0|0.0|0.0|0.0|0.0|0.0|0.0|0.0|0.0|0.0|0.0|0.0|0.0|0.0|0.0|0.0|0.0|0.0
paviaU,0.926,0.917,0.917,30,bsdr,2.829,3|6|10|14|17|20|22|26|28|32|38|42|45|50|53|56|62|64|67|68|70|73|79|83|85|87|93|96|99,0.0|0.0|0.0|0.0|0.0|0.0|0.0|0.0|0.0|0.0|0.0|0.0|0.0|0.0|0.0|0.0|0.0|0.0|0.0|0.0|0.0|0.0|0.0|0.0|0.0|0.0|0.0|0.0|0.0
paviaU,0.929,0.916,0.916,27,bsdr,2.842,4|7|10|15|18|21|24|27|35|37|39|42|47|51|56|58|62|63|68|72|76|80|83|85|87|97|99,0.0|0.0|0.0|0.0|0.0|0.0|0.0|0.0|0.0|0.0|0.0|0.0|0.0|0.0|0.0|0.0|0.0|0.0|0.0|0.0|0.0|0.0|0.0|0.0|0.0|0.0|0.0
paviaU,0.906,0.881,0.881,29,spa,145.338,0|1|2|3|4|6|7|9|11|13|15|17|19|21|26|32|46|61|68|72|76|82|85|93|96|99|100|101|102,0.0|0.0|0.0|0.0|0.0|0.0|0.0|0.0|0.0|0.0|0.0|0.0|0.0|0.0|0.0|0.0|0.0|0.0|0.0|0.0|0.0|0.0|0.0|0.0|0.0|0.0|0.0|0.0|0.0
paviaU,0.906,0.878,0.878,27,spa,136.275,0|1|2|3|4|6|7|9|11|13|15|17|21|26|32|46|61|68|72|76|82|85|93|96|99|101|102,0.0|0.0|0.0|0.0|0.0|0.0|0.0|0.0|0.0|0.0|0.0|0.0|0.0|0.0|0.0|0.0|0.0|0.0|0.0|0.0|0.0|0.0|0.0|0.0|0.0|0.0|0.0
paviaU,0.907,0.881,0.881,28,spa,139.01,0|1|2|3|4|6|7|9|11|13|15|17|21|26|32|46|61|68|72|76|82|85|93|96|99|100|101|102,0.0|0.0|0.0|0.0|0.0|0.0|0.0|0.0|0.0|0.0|0.0|0.0|0.0|0.0|0.0|0.0|0.0|0.0|0.0|0.0|0.0|0.0|0.0|0.0|0.0|0.0|0.0|0.0
paviaU,0.825,0.784,0.784,5,spa,29.018,0|17|60|72|96,0.0|0.0|0.0|0.0|0.0
paviaU,0.87,0.846,0.846,12,spa,64.505,0|1|2|4|6|9|17|32|61|72|83|102,0.0|0.0|0.0|0.0|0.0|0.0|0.0|0.0|0.0|0.0|0.0|0.0
paviaU,0.861,0.826,0.826,11,spa,59.753,0|1|2|4|6|13|31|61|72|90|101,0.0|0.0|0.0|0.0|0.0|0.0|0.0|0.0|0.0|0.0|0.0
paviaU,0.896,0.869,0.869,18,spa,93.707,0|1|2|3|4|6|7|9|11|13|17|32|61|72|83|84|99|102,0.0|0.0|0.0|0.0|0.0|0.0|0.0|0.0|0.0|0.0|0.0|0.0|0.0|0.0|0.0|0.0|0.0|0.0
paviaU,0.894,0.868,0.868,17,spa,88.838,0|1|2|3|4|6|7|9|11|17|32|61|72|83|84|99|102,0.0|0.0|0.0|0.0|0.0|0.0|0.0|0.0|0.0|0.0|0.0|0.0|0.0|0.0|0.0|0.0|0.0
paviaU,0.898,0.871,0.871,16,spa,83.674,0|1|2|3|4|6|9|11|17|32|61|72|83|84|99|102,0.0|0.0|0.0|0.0|0.0|0.0|0.0|0.0|0.0|0.0|0.0|0.0|0.0|0.0|0.0|0.0
paviaU,0.9,0.874,0.874,15,spa,79.294,0|1|2|4|6|9|11|17|32|61|72|83|84|99|102,0.0|0.0|0.0|0.0|0.0|0.0|0.0|0.0|0.0|0.0|0.0|0.0|0.0|0.0|0.0
paviaU,0.9,0.874,0.874,14,spa,74.538,0|1|2|4|6|9|11|17|32|61|72|83|84|102,0.0|0.0|0.0|0.0|0.0|0.0|0.0|0.0|0.0|0.0|0.0|0.0|0.0|0.0
paviaU,0.903,0.877,0.877,13,spa,70.04,0|1|2|4|6|9|17|32|61|71|76|82|102,0.0|0.0|0.0|0.0|0.0|0.0|0.0|0.0|0.0|0.0|0.0|0.0|0.0
paviaU,0.852,0.818,0.818,8,spa,44.304,0|2|4|13|36|58|72|90,0.0|0.0|0.0|0.0|0.0|0.0|0.0|0.0
paviaU,0.855,0.817,0.817,7,spa,39.572,0|2|14|38|62|71|90,0.0|0.0|0.0|0.0|0.0|0.0|0.0
paviaU,0.848,0.808,0.808,10,spa,55.081,0|1|2|4|11|30|61|72|90|101,0.0|0.0|0.0|0.0|0.0|0.0|0.0|0.0|0.0|0.0
paviaU,0.847,0.799,0.799,9,spa,49.774,0|1|2|5|26|61|72|90|101,0.0|0.0|0.0|0.0|0.0|0.0|0.0|0.0|0.0
paviaU,0.825,0.754,0.754,6,spa,34.56,0|2|37|58|72|90,0.0|0.0|0.0|0.0|0.0|0.0
paviaU,0.899,0.869,0.869,20,spa,102.919,0|1|2|3|4|6|7|9|11|13|17|32|46|61|71|81|84|96|100|102,0.0|0.0|0.0|0.0|0.0|0.0|0.0|0.0|0.0|0.0|0.0|0.0|0.0|0.0|0.0|0.0|0.0|0.0|0.0|0.0
paviaU,0.906,0.879,0.879,21,spa,107.93,0|1|2|3|4|6|7|9|11|13|17|32|46|61|69|73|82|84|96|100|102,0.0|0.0|0.0|0.0|0.0|0.0|0.0|0.0|0.0|0.0|0.0|0.0|0.0|0.0|0.0|0.0|0.0|0.0|0.0|0.0|0.0
paviaU,0.911,0.887,0.887,25,spa,127.34,0|1|2|3|4|6|7|9|11|13|15|17|20|31|45|58|68|72|77|82|84|94|97|100|102,0.0|0.0|0.0|0.0|0.0|0.0|0.0|0.0|0.0|0.0|0.0|0.0|0.0|0.0|0.0|0.0|0.0|0.0|0.0|0.0|0.0|0.0|0.0|0.0|0.0
paviaU,0.908,0.88,0.88,24,spa,121.653,0|1|2|3|4|6|7|9|11|13|15|17|21|32|46|61|70|75|82|84|96|99|101|102,0.0|0.0|0.0|0.0|0.0|0.0|0.0|0.0|0.0|0.0|0.0|0.0|0.0|0.0|0.0|0.0|0.0|0.0|0.0|0.0|0.0|0.0|0.0|0.0
paviaU,0.907,0.884,0.884,23,spa,117.174,0|1|2|3|4|6|8|10|12|14|16|19|30|45|62|67|73|82|84|90|97|101|102,0.0|0.0|0.0|0.0|0.0|0.0|0.0|0.0|0.0|0.0|0.0|0.0|0.0|0.0|0.0|0.0|0.0|0.0|0.0|0.0|0.0|0.0|0.0
paviaU,0.904,0.877,0.877,26,spa,130.803,0|1|2|3|4|6|7|9|11|13|15|17|20|23|32|46|61|71|75|81|84|93|96|98|100|102,0.0|0.0|0.0|0.0|0.0|0.0|0.0|0.0|0.0|0.0|0.0|0.0|0.0|0.0|0.0|0.0|0.0|0.0|0.0|0.0|0.0|0.0|0.0|0.0|0.0|0.0
paviaU,0.903,0.874,0.874,22,spa,114.069,0|1|2|3|4|6|7|9|11|13|15|17|32|46|61|71|75|81|84|96|100|102,0.0|0.0|0.0|0.0|0.0|0.0|0.0|0.0|0.0|0.0|0.0|0.0|0.0|0.0|0.0|0.0|0.0|0.0|0.0|0.0|0.0|0.0
paviaU,0.896,0.872,0.872,19,spa,98.96,0|1|2|3|4|6|7|9|11|13|17|32|46|61|72|83|84|99|102,0.0|0.0|0.0|0.0|0.0|0.0|0.0|0.0|0.0|0.0|0.0|0.0|0.0|0.0|0.0|0.0|0.0|0.0|0.0
paviaU,0.906,0.883,0.883,30,spa,148.827,0|1|2|3|4|6|7|9|11|13|15|17|20|23|27|32|46|61|68|71|75|81|84|87|93|96|98|100|101|102,0.0|0.0|0.0|0.0|0.0|0.0|0.0|0.0|0.0|0.0|0.0|0.0|0.0|0.0|0.0|0.0|0.0|0.0|0.0|0.0|0.0|0.0|0.0|0.0|0.0|0.0|0.0|0.0|0.0|0.0
paviaU,0.918,0.893,0.893,30,v7,1383.77,14|21|27|30|38|41|42|44|46|47|48|56|57|60|62|63|68|71|72|75|76|80|81|83|84|86|96|98|100|102,0.030106235295534134|0.005982194561511278|0.1828632801771164|0.060839831829071045|0.018020452931523323|0.45370954275131226|0.3591318130493164|0.06250150501728058|0.02480475977063179|0.15328919887542725|0.549870491027832|0.015871774405241013|0.02500891126692295|0.053763024508953094|0.11635072529315948|0.16830453276634216|0.09879382699728012|0.20449846982955933|0.026643598452210426|0.35835206508636475|0.020903438329696655|0.3069334924221039|0.39951878786087036|0.01135966181755066|0.04343795031309128|0.011932373046875|0.011049902997910976|0.31283262372016907|0.03112628310918808|0.357299268245697
paviaU,0.92,0.896,0.896,24,v7,0.0,14|21|27|30|38|42|46|47|48|62|63|68|71|72|75|76|80|81|83|84|86|96|98|102,0.030106235295534134|0.005982194561511278|0.1828632801771164|0.060839831829071045|0.018020452931523323|0.3591318130493164|0.02480475977063179|0.15328919887542725|0.549870491027832|0.11635072529315948|0.16830453276634216|0.09879382699728012|0.20449846982955933|0.026643598452210426|0.35835206508636475|0.020903438329696655|0.3069334924221039|0.39951878786087036|0.01135966181755066|0.04343795031309128|0.011932373046875|0.011049902997910976|0.31283262372016907|0.357299268245697
paviaU,0.92,0.895,0.895,25,v7,0.0,14|21|27|30|38|42|46|47|48|60|62|63|68|71|72|75|76|80|81|83|84|86|96|98|102,0.030106235295534134|0.005982194561511278|0.1828632801771164|0.060839831829071045|0.018020452931523323|0.3591318130493164|0.02480475977063179|0.15328919887542725|0.549870491027832|0.053763024508953094|0.11635072529315948|0.16830453276634216|0.09879382699728012|0.20449846982955933|0.026643598452210426|0.35835206508636475|0.020903438329696655|0.3069334924221039|0.39951878786087036|0.01135966181755066|0.04343795031309128|0.011932373046875|0.011049902997910976|0.31283262372016907|0.357299268245697
paviaU,0.92,0.895,0.895,26,v7,0.0,14|21|27|30|38|42|46|47|48|60|62|63|68|71|72|75|76|80|81|83|84|86|96|98|100|102,0.030106235295534134|0.005982194561511278|0.1828632801771164|0.060839831829071045|0.018020452931523323|0.3591318130493164|0.02480475977063179|0.15328919887542725|0.549870491027832|0.053763024508953094|0.11635072529315948|0.16830453276634216|0.09879382699728012|0.20449846982955933|0.026643598452210426|0.35835206508636475|0.020903438329696655|0.3069334924221039|0.39951878786087036|0.01135966181755066|0.04343795031309128|0.011932373046875|0.011049902997910976|0.31283262372016907|0.03112628310918808|0.357299268245697
paviaU,0.919,0.894,0.894,27,v7,0.0,14|21|27|30|38|42|46|47|48|57|60|62|63|68|71|72|75|76|80|81|83|84|86|96|98|100|102,0.030106235295534134|0.005982194561511278|0.1828632801771164|0.060839831829071045|0.018020452931523323|0.3591318130493164|0.02480475977063179|0.15328919887542725|0.549870491027832|0.02500891126692295|0.053763024508953094|0.11635072529315948|0.16830453276634216|0.09879382699728012|0.20449846982955933|0.026643598452210426|0.35835206508636475|0.020903438329696655|0.3069334924221039|0.39951878786087036|0.01135966181755066|0.04343795031309128|0.011932373046875|0.011049902997910976|0.31283262372016907|0.03112628310918808|0.357299268245697
paviaU,0.919,0.894,0.894,28,v7,0.0,14|21|27|30|38|41|42|46|47|48|57|60|62|63|68|71|72|75|76|80|81|83|84|86|96|98|100|102,0.030106235295534134|0.005982194561511278|0.1828632801771164|0.060839831829071045|0.018020452931523323|0.45370954275131226|0.3591318130493164|0.02480475977063179|0.15328919887542725|0.549870491027832|0.02500891126692295|0.053763024508953094|0.11635072529315948|0.16830453276634216|0.09879382699728012|0.20449846982955933|0.026643598452210426|0.35835206508636475|0.020903438329696655|0.3069334924221039|0.39951878786087036|0.01135966181755066|0.04343795031309128|0.011932373046875|0.011049902997910976|0.31283262372016907|0.03112628310918808|0.357299268245697
paviaU,0.919,0.894,0.894,29,v7,0.0,14|21|27|30|38|41|42|44|46|47|48|57|60|62|63|68|71|72|75|76|80|81|83|84|86|96|98|100|102,0.030106235295534134|0.005982194561511278|0.1828632801771164|0.060839831829071045|0.018020452931523323|0.45370954275131226|0.3591318130493164|0.06250150501728058|0.02480475977063179|0.15328919887542725|0.549870491027832|0.02500891126692295|0.053763024508953094|0.11635072529315948|0.16830453276634216|0.09879382699728012|0.20449846982955933|0.026643598452210426|0.35835206508636475|0.020903438329696655|0.3069334924221039|0.39951878786087036|0.01135966181755066|0.04343795031309128|0.011932373046875|0.011049902997910976|0.31283262372016907|0.03112628310918808|0.357299268245697
paviaU,0.921,0.897,0.897,22,v7,0.0,14|21|27|30|38|42|47|48|62|63|68|71|72|75|76|80|81|83|84|96|98|102,0.030106235295534134|0.005982194561511278|0.1828632801771164|0.060839831829071045|0.018020452931523323|0.3591318130493164|0.15328919887542725|0.549870491027832|0.11635072529315948|0.16830453276634216|0.09879382699728012|0.20449846982955933|0.026643598452210426|0.35835206508636475|0.020903438329696655|0.3069334924221039|0.39951878786087036|0.01135966181755066|0.04343795031309128|0.011049902997910976|0.31283262372016907|0.357299268245697
paviaU,0.921,0.897,0.897,23,v7,0.0,14|21|27|30|38|42|47|48|62|63|68|71|72|75|76|80|81|83|84|86|96|98|102,0.030106235295534134|0.005982194561511278|0.1828632801771164|0.060839831829071045|0.018020452931523323|0.3591318130493164|0.15328919887542725|0.549870491027832|0.11635072529315948|0.16830453276634216|0.09879382699728012|0.20449846982955933|0.026643598452210426|0.35835206508636475|0.020903438329696655|0.3069334924221039|0.39951878786087036|0.01135966181755066|0.04343795031309128|0.011932373046875|0.011049902997910976|0.31283262372016907|0.357299268245697
paviaU,0.904,0.87,0.87,8,v7,0.0,30|62|68|71|83|84|96|98,0.060839831829071045|0.11635072529315948|0.09879382699728012|0.20449846982955933|0.01135966181755066|0.04343795031309128|0.011049902997910976|0.31283262372016907
paviaU,0.912,0.883,0.883,9,v7,0.0,21|30|62|68|71|83|84|96|98,0.005982194561511278|0.060839831829071045|0.11635072529315948|0.09879382699728012|0.20449846982955933|0.01135966181755066|0.04343795031309128|0.011049902997910976|0.31283262372016907
paviaU,0.913,0.883,0.883,10,v7,0.0,21|30|62|68|71|75|83|84|96|98,0.005982194561511278|0.060839831829071045|0.11635072529315948|0.09879382699728012|0.20449846982955933|0.35835206508636475|0.01135966181755066|0.04343795031309128|0.011049902997910976|0.31283262372016907
paviaU,0.918,0.892,0.892,11,v7,0.0,21|30|38|62|68|71|75|83|84|96|98,0.005982194561511278|0.060839831829071045|0.018020452931523323|0.11635072529315948|0.09879382699728012|0.20449846982955933|0.35835206508636475|0.01135966181755066|0.04343795031309128|0.011049902997910976|0.31283262372016907
paviaU,0.918,0.892,0.892,12,v7,0.0,21|30|38|62|68|71|75|76|83|84|96|98,0.005982194561511278|0.060839831829071045|0.018020452931523323|0.11635072529315948|0.09879382699728012|0.20449846982955933|0.35835206508636475|0.020903438329696655|0.01135966181755066|0.04343795031309128|0.011049902997910976|0.31283262372016907
paviaU,0.919,0.893,0.893,13,v7,0.0,21|30|38|62|63|68|71|75|76|83|84|96|98,0.005982194561511278|0.060839831829071045|0.018020452931523323|0.11635072529315948|0.16830453276634216|0.09879382699728012|0.20449846982955933|0.35835206508636475|0.020903438329696655|0.01135966181755066|0.04343795031309128|0.011049902997910976|0.31283262372016907
paviaU,0.919,0.893,0.893,14,v7,0.0,21|30|38|47|62|63|68|71|75|76|83|84|96|98,0.005982194561511278|0.060839831829071045|0.018020452931523323|0.15328919887542725|0.11635072529315948|0.16830453276634216|0.09879382699728012|0.20449846982955933|0.35835206508636475|0.020903438329696655|0.01135966181755066|0.04343795031309128|0.011049902997910976|0.31283262372016907
paviaU,0.921,0.896,0.896,15,v7,0.0,21|30|38|47|62|63|68|71|75|76|81|83|84|96|98,0.005982194561511278|0.060839831829071045|0.018020452931523323|0.15328919887542725|0.11635072529315948|0.16830453276634216|0.09879382699728012|0.20449846982955933|0.35835206508636475|0.020903438329696655|0.39951878786087036|0.01135966181755066|0.04343795031309128|0.011049902997910976|0.31283262372016907
paviaU,0.921,0.895,0.895,16,v7,0.0,21|27|30|38|47|62|63|68|71|75|76|81|83|84|96|98,0.005982194561511278|0.1828632801771164|0.060839831829071045|0.018020452931523323|0.15328919887542725|0.11635072529315948|0.16830453276634216|0.09879382699728012|0.20449846982955933|0.35835206508636475|0.020903438329696655|0.39951878786087036|0.01135966181755066|0.04343795031309128|0.011049902997910976|0.31283262372016907
paviaU,0.921,0.896,0.896,17,v7,0.0,21|27|30|38|47|62|63|68|71|75|76|81|83|84|96|98|102,0.005982194561511278|0.1828632801771164|0.060839831829071045|0.018020452931523323|0.15328919887542725|0.11635072529315948|0.16830453276634216|0.09879382699728012|0.20449846982955933|0.35835206508636475|0.020903438329696655|0.39951878786087036|0.01135966181755066|0.04343795031309128|0.011049902997910976|0.31283262372016907|0.357299268245697
paviaU,0.921,0.896,0.896,18,v7,0.0,21|27|30|38|42|47|62|63|68|71|75|76|81|83|84|96|98|102,0.005982194561511278|0.1828632801771164|0.060839831829071045|0.018020452931523323|0.3591318130493164|0.15328919887542725|0.11635072529315948|0.16830453276634216|0.09879382699728012|0.20449846982955933|0.35835206508636475|0.020903438329696655|0.39951878786087036|0.01135966181755066|0.04343795031309128|0.011049902997910976|0.31283262372016907|0.357299268245697
paviaU,0.921,0.896,0.896,19,v7,0.0,21|27|30|38|42|47|62|63|68|71|75|76|80|81|83|84|96|98|102,0.005982194561511278|0.1828632801771164|0.060839831829071045|0.018020452931523323|0.3591318130493164|0.15328919887542725|0.11635072529315948|0.16830453276634216|0.09879382699728012|0.20449846982955933|0.35835206508636475|0.020903438329696655|0.3069334924221039|0.39951878786087036|0.01135966181755066|0.04343795031309128|0.011049902997910976|0.31283262372016907|0.357299268245697
paviaU,0.922,0.897,0.897,20,v7,0.0,14|21|27|30|38|42|47|62|63|68|71|75|76|80|81|83|84|96|98|102,0.030106235295534134|0.005982194561511278|0.1828632801771164|0.060839831829071045|0.018020452931523323|0.3591318130493164|0.15328919887542725|0.11635072529315948|0.16830453276634216|0.09879382699728012|0.20449846982955933|0.35835206508636475|0.020903438329696655|0.3069334924221039|0.39951878786087036|0.01135966181755066|0.04343795031309128|0.011049902997910976|0.31283262372016907|0.357299268245697
paviaU,0.922,0.897,0.897,21,v7,0.0,14|21|27|30|38|42|47|62|63|68|71|72|75|76|80|81|83|84|96|98|102,0.030106235295534134|0.005982194561511278|0.1828632801771164|0.060839831829071045|0.018020452931523323|0.3591318130493164|0.15328919887542725|0.11635072529315948|0.16830453276634216|0.09879382699728012|0.20449846982955933|0.026643598452210426|0.35835206508636475|0.020903438329696655|0.3069334924221039|0.39951878786087036|0.01135966181755066|0.04343795031309128|0.011049902997910976|0.31283262372016907|0.357299268245697
paviaU,0.858,0.78,0.78,5,v7,0.0,68|71|83|84|96,0.09879382699728012|0.20449846982955933|0.01135966181755066|0.04343795031309128|0.011049902997910976
paviaU,0.889,0.854,0.854,7,v7,0.0,30|68|71|83|84|96|98,0.060839831829071045|0.09879382699728012|0.20449846982955933|0.01135966181755066|0.04343795031309128|0.011049902997910976|0.31283262372016907
paviaU,0.884,0.845,0.845,6,v7,0.0,30|68|71|83|84|96,0.060839831829071045|0.09879382699728012|0.20449846982955933|0.01135966181755066|0.04343795031309128|0.011049902997910976
